﻿{"cameraMode":{"drawMode":0,"name":"Shaded","section":"Shading Mode"},"sceneLighting":false,"audioPlay":false,"sceneViewState":{"showFog":true,"showMaterialUpdate":false,"showSkybox":true,"showFlares":true,"showImageEffects":true,"showParticleSystems":true},"in2DMode":false,"pivot":{"x":-0.4409445822238922,"y":0.2913050651550293,"z":-0.2358063906431198},"rotation":{"x":-0.15821883082389832,"y":0.07161451876163483,"z":-0.011505397967994213,"w":-0.984736442565918},"size":1.1233423948287964,"orthographic":false}